game_date,game_pk,pitcher_id,pitcher_name,opponent,game_status,replay_status,pitch_count,model_correct,baseline_correct,model_accuracy,baseline_accuracy,accuracy_over_baseline,accuracy_over_baseline_pp,relative_improvement,relative_improvement_percent,baseline_strategy,model_version,feature_version,evaluation_version,predictions_path,summary_path,error
2026-08-31,824911,683627,Anthony Molina,Atlanta Braves,Final,success,75,43,29,0.5733333333333334,0.38666666666666666,0.1866666666666667,18.66666666666667,0.48275862068965525,48.27586206896552,stratified,rf_v1,kg4_v1,postgame_v1,Data/daily_pipeline/predictions/postgame/2026-08-31/824911_683627.csv,Data/daily_pipeline/predictions/postgame/2026-08-31/824911_683627.json,
2026-08-31,824911,693821,Bryce Elder,San Francisco Giants,Final,success,84,36,22,0.42857142857142855,0.2619047619047619,0.16666666666666663,16.666666666666664,0.6363636363636362,63.636363636363626,stratified,rf_v1,kg4_v1,postgame_v1,Data/daily_pipeline/predictions/postgame/2026-08-31/824911_693821.csv,Data/daily_pipeline/predictions/postgame/2026-08-31/824911_693821.json,
2026-08-31,824473,650633,Michael King,Cincinnati Reds,Final,success,96,32,24,0.3333333333333333,0.25,0.08333333333333331,8.333333333333332,0.33333333333333326,33.33333333333333,stratified,rf_v1,kg4_v1,postgame_v1,Data/daily_pipeline/predictions/postgame/2026-08-31/824473_650633.csv,Data/daily_pipeline/predictions/postgame/2026-08-31/824473_650633.json,
2026-08-31,824473,663903,Brady Singer,San Diego Padres,Final,success,87,44,36,0.5057471264367817,0.41379310344827586,0.0919540229885058,9.19540229885058,0.22222222222222235,22.222222222222236,stratified,rf_v1,kg4_v1,postgame_v1,Data/daily_pipeline/predictions/postgame/2026-08-31/824473_663903.csv,Data/daily_pipeline/predictions/postgame/2026-08-31/824473_663903.json,
2026-08-31,822932,476594,Robert Stock,Tampa Bay Rays,Final,success,72,34,14,0.4722222222222222,0.19444444444444445,0.2777777777777778,27.77777777777778,1.4285714285714286,142.85714285714286,stratified,rf_v1,kg4_v1,postgame_v1,Data/daily_pipeline/predictions/postgame/2026-08-31/822932_476594.csv,Data/daily_pipeline/predictions/postgame/2026-08-31/822932_476594.json,
2026-08-31,822932,693855,Ian Seymour,New York Mets,Final,success,88,19,19,0.2159090909090909,0.2159090909090909,0.0,0.0,0.0,0.0,stratified,rf_v1,kg4_v1,postgame_v1,Data/daily_pipeline/predictions/postgame/2026-08-31/822932_693855.csv,Data/daily_pipeline/predictions/postgame/2026-08-31/822932_693855.json,
2026-08-31,824719,669923,George Kirby,Boston Red Sox,Final,success,86,37,16,0.43023255813953487,0.18604651162790697,0.2441860465116279,24.418604651162788,1.3125,131.25,stratified,rf_v1,kg4_v1,postgame_v1,Data/daily_pipeline/predictions/postgame/2026-08-31/824719_669923.csv,Data/daily_pipeline/predictions/postgame/2026-08-31/824719_669923.json,
2026-08-31,824719,801139,Payton Tolle,Seattle Mariners,Final,success,96,46,26,0.4791666666666667,0.2708333333333333,0.20833333333333337,20.833333333333336,0.7692307692307694,76.92307692307693,stratified,rf_v1,kg4_v1,postgame_v1,Data/daily_pipeline/predictions/postgame/2026-08-31/824719_801139.csv,Data/daily_pipeline/predictions/postgame/2026-08-31/824719_801139.json,
2026-08-31,822689,687473,Ryan Gusto,Washington Nationals,Final,success,69,25,7,0.36231884057971014,0.10144927536231885,0.2608695652173913,26.08695652173913,2.571428571428571,257.1428571428571,stratified,rf_v1,kg4_v1,postgame_v1,Data/daily_pipeline/predictions/postgame/2026-08-31/822689_687473.csv,Data/daily_pipeline/predictions/postgame/2026-08-31/822689_687473.json,
2026-08-31,822689,702021,Will Dion,Miami Marlins,Final,success,37,19,9,0.5135135135135135,0.24324324324324326,0.27027027027027023,27.027027027027025,1.111111111111111,111.1111111111111,stratified,rf_v1,kg4_v1,postgame_v1,Data/daily_pipeline/predictions/postgame/2026-08-31/822689_702021.csv,Data/daily_pipeline/predictions/postgame/2026-08-31/822689_702021.json,
2026-08-31,823663,695549,Jackson Jobe,Minnesota Twins,Final,success,92,28,17,0.30434782608695654,0.18478260869565216,0.11956521739130438,11.956521739130437,0.647058823529412,64.7058823529412,stratified,rf_v1,kg4_v1,postgame_v1,Data/daily_pipeline/predictions/postgame/2026-08-31/823663_695549.csv,Data/daily_pipeline/predictions/postgame/2026-08-31/823663_695549.json,
2026-08-31,823663,671737,Taj Bradley,Detroit Tigers,Final,success,104,46,31,0.4423076923076923,0.2980769230769231,0.14423076923076922,14.423076923076922,0.48387096774193544,48.387096774193544,stratified,rf_v1,kg4_v1,postgame_v1,Data/daily_pipeline/predictions/postgame/2026-08-31/823663_671737.csv,Data/daily_pipeline/predictions/postgame/2026-08-31/823663_671737.json,
2026-08-31,824635,690986,Kyle Harrison,Chicago Cubs,Final,success,98,52,42,0.5306122448979592,0.42857142857142855,0.10204081632653067,10.204081632653066,0.23809523809523825,23.809523809523824,stratified,rf_v1,kg4_v1,postgame_v1,Data/daily_pipeline/predictions/postgame/2026-08-31/824635_690986.csv,Data/daily_pipeline/predictions/postgame/2026-08-31/824635_690986.json,
2026-08-31,824635,605280,Clay Holmes,Milwaukee Brewers,Final,success,101,40,23,0.39603960396039606,0.22772277227722773,0.16831683168316833,16.831683168316832,0.7391304347826088,73.91304347826087,stratified,rf_v1,kg4_v1,postgame_v1,Data/daily_pipeline/predictions/postgame/2026-08-31/824635_605280.csv,Data/daily_pipeline/predictions/postgame/2026-08-31/824635_605280.json,
2026-08-31,822855,695611,Gage Jump,Texas Rangers,Final,success,91,41,33,0.45054945054945056,0.3626373626373626,0.08791208791208793,8.791208791208794,0.2424242424242425,24.24242424242425,stratified,rf_v1,kg4_v1,postgame_v1,Data/daily_pipeline/predictions/postgame/2026-08-31/822855_695611.csv,Data/daily_pipeline/predictions/postgame/2026-08-31/822855_695611.json,
2026-08-31,822855,594798,Jacob deGrom,Athletics,Final,success,85,31,18,0.36470588235294116,0.21176470588235294,0.15294117647058822,15.294117647058822,0.7222222222222222,72.22222222222221,stratified,rf_v1,kg4_v1,postgame_v1,Data/daily_pipeline/predictions/postgame/2026-08-31/822855_594798.csv,Data/daily_pipeline/predictions/postgame/2026-08-31/822855_594798.json,
2026-08-31,824149,641743,Anthony Kay,Houston Astros,Final,success,89,28,15,0.3146067415730337,0.16853932584269662,0.14606741573033707,14.606741573033707,0.8666666666666667,86.66666666666667,stratified,rf_v1,kg4_v1,postgame_v1,Data/daily_pipeline/predictions/postgame/2026-08-31/824149_641743.csv,Data/daily_pipeline/predictions/postgame/2026-08-31/824149_641743.json,
2026-08-31,824149,663567,Peter Lambert,Chicago White Sox,Final,success,104,32,28,0.3076923076923077,0.2692307692307692,0.03846153846153849,3.8461538461538494,0.142857142857143,14.285714285714299,stratified,rf_v1,kg4_v1,postgame_v1,Data/daily_pipeline/predictions/postgame/2026-08-31/824149_663567.csv,Data/daily_pipeline/predictions/postgame/2026-08-31/824149_663567.json,
2026-08-31,824314,700249,Cade Povich,Colorado Rockies,Final,success,87,39,23,0.4482758620689655,0.26436781609195403,0.1839080459770115,18.39080459770115,0.6956521739130435,69.56521739130434,stratified,rf_v1,kg4_v1,postgame_v1,Data/daily_pipeline/predictions/postgame/2026-08-31/824314_700249.csv,Data/daily_pipeline/predictions/postgame/2026-08-31/824314_700249.json,
2026-08-31,824314,685299,Tanner Gordon,Baltimore Orioles,Final,success,60,28,19,0.4666666666666667,0.31666666666666665,0.15000000000000002,15.000000000000002,0.4736842105263159,47.36842105263159,stratified,rf_v1,kg4_v1,postgame_v1,Data/daily_pipeline/predictions/postgame/2026-08-31/824314_685299.csv,Data/daily_pipeline/predictions/postgame/2026-08-31/824314_685299.json,
2026-08-31,823982,695684,Elmer Rodríguez,Los Angeles Angels,Final,success,91,43,22,0.4725274725274725,0.24175824175824176,0.23076923076923075,23.076923076923077,0.9545454545454545,95.45454545454545,stratified,rf_v1,kg4_v1,postgame_v1,Data/daily_pipeline/predictions/postgame/2026-08-31/823982_695684.csv,Data/daily_pipeline/predictions/postgame/2026-08-31/823982_695684.json,
2026-08-31,823982,700712,Walbert Ureña,New York Yankees,Final,success,95,46,27,0.4842105263157895,0.28421052631578947,0.2,20.0,0.7037037037037037,70.37037037037037,stratified,rf_v1,kg4_v1,postgame_v1,Data/daily_pipeline/predictions/postgame/2026-08-31/823982_700712.csv,Data/daily_pipeline/predictions/postgame/2026-08-31/823982_700712.json,
2026-08-31,825040,605400,Aaron Nola,Arizona Diamondbacks,Final,success,104,38,18,0.36538461538461536,0.17307692307692307,0.1923076923076923,19.23076923076923,1.111111111111111,111.1111111111111,stratified,rf_v1,kg4_v1,postgame_v1,Data/daily_pipeline/predictions/postgame/2026-08-31/825040_605400.csv,Data/daily_pipeline/predictions/postgame/2026-08-31/825040_605400.json,
2026-08-31,825040,694297,Brandon Pfaadt,Philadelphia Phillies,Final,success,87,27,19,0.3103448275862069,0.21839080459770116,0.09195402298850575,9.195402298850574,0.42105263157894735,42.10526315789473,stratified,rf_v1,kg4_v1,postgame_v1,Data/daily_pipeline/predictions/postgame/2026-08-31/825040_694297.csv,Data/daily_pipeline/predictions/postgame/2026-08-31/825040_694297.json,
